{
    "addresses": [
        {
            "number_street": "1745 T Street Southeast",
            "city": "Washington",
            "state": "DC",
            "postalCode": "20020",
            "coordinates": {
                "lat": 38.867033,
                "lng": -76.979235
            }
        },
        {
            "number_street": "6007 Applegate Lane",
            "city": "Louisville",
            "state": "KY",
            "postalCode": "40219",
            "coordinates": {
                "lat": 38.1343013,
                "lng": -85.6498512
            }
        },
        {
            "number_street": "560 Penstock Drive",
            "city": "Grass Valley",
            "state": "CA",
            "postalCode": "95945",
            "coordinates": {
                "lat": 39.213076,
                "lng": -121.077583
            }
        },
        {
            "number_street": "150 Carter Street",
            "city": "Manchester",
            "state": "CT",
            "postalCode": "06040",
            "coordinates": {
                "lat": 41.76556000000001,
                "lng": -72.473091
            }
        },
        {
            "number_street": "2721 Lindsay Avenue",
            "city": "Louisville",
            "state": "KY",
            "postalCode": "40206",
            "coordinates": {
                "lat": 38.263793,
                "lng": -85.700243
            }
        },
        {
            "number_street": "18 Densmore Drive",
            "city": "Essex",
            "state": "VT",
            "postalCode": "05452",
            "coordinates": {
                "lat": 44.492953,
                "lng": -73.101883
            }
        },
        {
            "number_street": "637 Britannia Drive",
            "city": "Vallejo",
            "state": "CA",
            "postalCode": "94591",
            "coordinates": {
                "lat": 38.10476999999999,
                "lng": -122.193849
            }
        },
        {
            "number_street": "5601 West Crocus Drive",
            "city": "Glendale",
            "state": "AZ",
            "postalCode": "85306",
            "coordinates": {
                "lat": 33.6152469,
                "lng": -112.179737
            }
        },
        {
            "number_street": "5403 Illinois Avenue",
            "city": "Nashville",
            "state": "TN",
            "postalCode": "37209",
            "coordinates": {
                "lat": 36.157077,
                "lng": -86.853827
            }
        },
        {
            "number_street": "8821 West Myrtle Avenue",
            "city": "Glendale",
            "state": "AZ",
            "postalCode": "85305",
            "coordinates": {
                "lat": 33.5404296,
                "lng": -112.2488391
            }
        },
        {
            "number_street": "2203 7th Street Road",
            "city": "Louisville",
            "state": "KY",
            "postalCode": "40208",
            "coordinates": {
                "lat": 38.218107,
                "lng": -85.779006
            }
        },
        {
            "number_street": "6463 Vrain Street",
            "city": "Arvada",
            "state": "CO",
            "postalCode": "80003",
            "coordinates": {
                "lat": 39.814056,
                "lng": -105.046913
            }
        },
        {
            "number_street": "87 Horseshoe Drive",
            "city": "West Windsor",
            "state": "VT",
            "postalCode": "05037",
            "coordinates": {
                "lat": 43.4731793,
                "lng": -72.4967532
            }
        },
        {
            "number_street": "60 Desousa Drive",
            "city": "Manchester",
            "state": "CT",
            "postalCode": "06040",
            "coordinates": {
                "lat": 41.7409259,
                "lng": -72.5619104
            }
        },
        {
            "number_street": "4 Old Colony Way",
            "city": "Yarmouth",
            "state": "MA",
            "postalCode": "02664",
            "coordinates": {
                "lat": 41.697168,
                "lng": -70.189992
            }
        },
        {
            "number_street": "314 South 17th Street",
            "city": "Nashville",
            "state": "TN",
            "postalCode": "37206",
            "coordinates": {
                "lat": 36.1719075,
                "lng": -86.740228
            }
        },
        {
            "number_street": "1649 Timberridge Court",
            "city": "Fayetteville",
            "state": "AR",
            "postalCode": "72704",
            "coordinates": {
                "lat": 36.084563,
                "lng": -94.206082
            }
        },
        {
            "number_street": "5461 West Shades Valley Drive",
            "city": "Montgomery",
            "state": "AL",
            "postalCode": "36108",
            "coordinates": {
                "lat": 32.296422,
                "lng": -86.34280299999999
            }
        },
        {
            "number_street": "629 Debbie Drive",
            "city": "Nashville",
            "state": "TN",
            "postalCode": "37076",
            "coordinates": {
                "lat": 36.208114,
                "lng": -86.58621199999999
            }
        },
        {
            "number_street": "22572 Toreador Drive",
            "city": "Salinas",
            "state": "CA",
            "postalCode": "93908",
            "coordinates": {
                "lat": 36.602449,
                "lng": -121.699071
            }
        },
        {
            "number_street": "3034 Mica Street",
            "city": "Fayetteville",
            "state": "AR",
            "postalCode": "72704",
            "coordinates": {
                "lat": 36.0807929,
                "lng": -94.2066449
            }
        },
        {
            "number_street": "3729 East Mission Boulevard",
            "city": "Fayetteville",
            "state": "AR",
            "postalCode": "72703",
            "coordinates": {
                "lat": 36.0919353,
                "lng": -94.10654219999999
            }
        },
        {
            "number_street": "5114 Greentree Drive",
            "city": "Nashville",
            "state": "TN",
            "postalCode": "37211",
            "coordinates": {
                "lat": 36.0618539,
                "lng": -86.738508
            }
        },
        {
            "number_street": "3466 Southview Avenue",
            "city": "Montgomery",
            "state": "AL",
            "postalCode": "36111",
            "coordinates": {
                "lat": 32.341227,
                "lng": -86.2846859
            }
        },
        {
            "number_street": "1513 Cathy Street",
            "city": "Savannah",
            "state": "GA",
            "postalCode": "31415",
            "coordinates": {
                "lat": 32.067416,
                "lng": -81.125331
            }
        },
        {
            "number_street": "600 West 19th Avenue",
            "address2": "APT B",
            "city": "Anchorage",
            "state": "AK",
            "postalCode": "99503",
            "coordinates": {
                "lat": 61.203115,
                "lng": -149.894107
            }
        },
        {
            "number_street": "1208 Elkader Court North",
            "city": "Nashville",
            "state": "TN",
            "postalCode": "37013",
            "coordinates": {
                "lat": 36.080049,
                "lng": -86.60116099999999
            }
        },
        {
            "number_street": "210 Green Road",
            "city": "Manchester",
            "state": "CT",
            "postalCode": "06042",
            "coordinates": {
                "lat": 41.7909099,
                "lng": -72.51195129999999
            }
        },
        {
            "number_street": "49548 Road 200",
            "city": "O'Neals",
            "state": "CA",
            "postalCode": "93645",
            "coordinates": {
                "lat": 37.153463,
                "lng": -119.648192
            }
        },
        {
            "number_street": "81 Seaton Place Northwest",
            "city": "Washington",
            "state": "DC",
            "postalCode": "20001",
            "coordinates": {
                "lat": 38.9149499,
                "lng": -77.01170259999999
            }
        },
        {
            "number_street": "1267 Martin Street",
            "address2": "#203",
            "city": "Nashville",
            "state": "TN",
            "postalCode": "37203",
            "coordinates": {
                "lat": 36.1404897,
                "lng": -86.7695179
            }
        },
        {
            "number_street": "7431 Candace Way",
            "address2": "#1",
            "city": "Louisville",
            "state": "KY",
            "postalCode": "40214",
            "coordinates": {
                "lat": 38.142768,
                "lng": -85.7717132
            }
        },
        {
            "number_street": "1407 Walden Court",
            "city": "Crofton",
            "state": "MD",
            "postalCode": "21114",
            "coordinates": {
                "lat": 39.019306,
                "lng": -76.660653
            }
        },
        {
            "number_street": "5906 Milton Avenue",
            "city": "Deale",
            "state": "MD",
            "postalCode": "20751",
            "coordinates": {
                "lat": 38.784451,
                "lng": -76.54125499999999
            }
        },
        {
            "number_street": "74 Springfield Street",
            "address2": "B",
            "city": "Agawam",
            "state": "MA",
            "postalCode": "01001",
            "coordinates": {
                "lat": 42.0894922,
                "lng": -72.6297558
            }
        },
        {
            "number_street": "2905 Stonebridge Court",
            "city": "Norman",
            "state": "OK",
            "postalCode": "73071",
            "coordinates": {
                "lat": 35.183319,
                "lng": -97.40210499999999
            }
        },
        {
            "number_street": "20930 Todd Valley Road",
            "city": "Foresthill",
            "state": "CA",
            "postalCode": "95631",
            "coordinates": {
                "lat": 38.989466,
                "lng": -120.883108
            }
        },
        {
            "number_street": "5928 West Mauna Loa Lane",
            "city": "Glendale",
            "state": "AZ",
            "postalCode": "85306",
            "coordinates": {
                "lat": 33.6204899,
                "lng": -112.18702
            }
        },
        {
            "number_street": "802 Madison Street Northwest",
            "city": "Washington",
            "state": "DC",
            "postalCode": "20011",
            "coordinates": {
                "lat": 38.9582381,
                "lng": -77.0244287
            }
        },
        {
            "number_street": "2811 Battery Place Northwest",
            "city": "Washington",
            "state": "DC",
            "postalCode": "20016",
            "coordinates": {
                "lat": 38.9256252,
                "lng": -77.0982646
            }
        },
        {
            "number_street": "210 Lacross Lane",
            "city": "Westmore",
            "state": "VT",
            "postalCode": "05860",
            "coordinates": {
                "lat": 44.771005,
                "lng": -72.048664
            }
        },
        {
            "number_street": "2010 Rising Hill Drive",
            "city": "Norman",
            "state": "OK",
            "postalCode": "73071",
            "coordinates": {
                "lat": 35.177281,
                "lng": -97.411869
            }
        },
        {
            "number_street": "450 Kinhawk Drive",
            "city": "Nashville",
            "state": "TN",
            "postalCode": "37211",
            "coordinates": {
                "lat": 36.030927,
                "lng": -86.71949099999999
            }
        },
        {
            "number_street": "131 Westerly Street",
            "city": "Manchester",
            "state": "CT",
            "postalCode": "06042",
            "coordinates": {
                "lat": 41.7906813,
                "lng": -72.53559729999999
            }
        },
        {
            "number_street": "308 Woodleaf Court",
            "city": "Glen Burnie",
            "state": "MD",
            "postalCode": "21061",
            "coordinates": {
                "lat": 39.1425931,
                "lng": -76.6238441
            }
        },
        {
            "number_street": "8502 Madrone Avenue",
            "city": "Louisville",
            "state": "KY",
            "postalCode": "40258",
            "coordinates": {
                "lat": 38.1286407,
                "lng": -85.8678042
            }
        },
        {
            "number_street": "23 Sable Run Lane",
            "city": "Methuen",
            "state": "MA",
            "postalCode": "01844",
            "coordinates": {
                "lat": 42.759847,
                "lng": -71.157721
            }
        },
        {
            "number_street": "716 Waller Road",
            "city": "Brentwood",
            "state": "TN",
            "postalCode": "37027",
            "coordinates": {
                "lat": 35.998892,
                "lng": -86.696529
            }
        },
        {
            "number_street": "416 McIver Street",
            "city": "Nashville",
            "state": "TN",
            "postalCode": "37211",
            "coordinates": {
                "lat": 36.10436,
                "lng": -86.74411599999999
            }
        },
        {
            "number_street": "1508 Massachusetts Avenue Southeast",
            "city": "Washington",
            "state": "DC",
            "postalCode": "20003",
            "coordinates": {
                "lat": 38.887255,
                "lng": -76.98318499999999
            }
        },
        {
            "number_street": "5615 West Villa Maria Drive",
            "city": "Glendale",
            "state": "AZ",
            "postalCode": "85308",
            "coordinates": {
                "lat": 33.650988,
                "lng": -112.180624
            }
        },
        {
            "number_street": "3162 Martin Luther King Junior Boulevard",
            "address2": "#2",
            "city": "Fayetteville",
            "state": "AR",
            "postalCode": "72704",
            "coordinates": {
                "lat": 36.05233310000001,
                "lng": -94.2056987
            }
        },
        {
            "number_street": "5306 Ritchie Highway",
            "city": "Baltimore",
            "state": "MD",
            "postalCode": "21225",
            "coordinates": {
                "lat": 39.221978,
                "lng": -76.614183
            }
        },
        {
            "number_street": "109 Summit Street",
            "city": "Burlington",
            "state": "VT",
            "postalCode": "05401",
            "coordinates": {
                "lat": 44.4729749,
                "lng": -73.2026566
            }
        },
        {
            "number_street": "816 West 19th Avenue",
            "city": "Anchorage",
            "state": "AK",
            "postalCode": "99503",
            "coordinates": {
                "lat": 61.203221,
                "lng": -149.898655
            }
        },
        {
            "number_street": "172 Alburg Springs Road",
            "city": "Alburgh",
            "state": "VT",
            "postalCode": "05440",
            "coordinates": {
                "lat": 44.995827,
                "lng": -73.2201539
            }
        },
        {
            "number_street": "159 Downey Drive",
            "address2": "A",
            "city": "Manchester",
            "state": "CT",
            "postalCode": "06040",
            "coordinates": {
                "lat": 41.7800126,
                "lng": -72.5754309
            }
        },
        {
            "number_street": "125 John Street",
            "city": "Santa Cruz",
            "state": "CA",
            "postalCode": "95060",
            "coordinates": {
                "lat": 36.950901,
                "lng": -122.046881
            }
        },
        {
            "number_street": "1101 Lotus Avenue",
            "city": "Glen Burnie",
            "state": "MD",
            "postalCode": "21061",
            "coordinates": {
                "lat": 39.191982,
                "lng": -76.6525659
            }
        },
        {
            "number_street": "8376 Albacore Drive",
            "city": "Pasadena",
            "state": "MD",
            "postalCode": "21122",
            "coordinates": {
                "lat": 39.110409,
                "lng": -76.46565799999999
            }
        },
        {
            "number_street": "491 Arabian Way",
            "city": "Grand Junction",
            "state": "CO",
            "postalCode": "81504",
            "coordinates": {
                "lat": 39.07548999999999,
                "lng": -108.474785
            }
        },
        {
            "number_street": "12245 West 71st Place",
            "city": "Arvada",
            "state": "CO",
            "postalCode": "80004",
            "coordinates": {
                "lat": 39.8267078,
                "lng": -105.1366798
            }
        },
        {
            "number_street": "80 North East Street",
            "address2": "#4",
            "city": "Holyoke",
            "state": "MA",
            "postalCode": "01040",
            "coordinates": {
                "lat": 42.2041219,
                "lng": -72.5977704
            }
        },
        {
            "number_street": "4695 East Huntsville Road",
            "city": "Fayetteville",
            "state": "AR",
            "postalCode": "72701",
            "coordinates": {
                "lat": 36.0471975,
                "lng": -94.0946286
            }
        },
        {
            "number_street": "310 Timrod Road",
            "city": "Manchester",
            "state": "CT",
            "postalCode": "06040",
            "coordinates": {
                "lat": 41.756758,
                "lng": -72.493501
            }
        },
        {
            "number_street": "1364 Capri Drive",
            "city": "Panama City",
            "state": "FL",
            "postalCode": "32405",
            "coordinates": {
                "lat": 30.2207276,
                "lng": -85.6808795
            }
        },
        {
            "number_street": "132 Laurel Green Court",
            "city": "Savannah",
            "state": "GA",
            "postalCode": "31419",
            "coordinates": {
                "lat": 32.0243075,
                "lng": -81.2468102
            }
        },
        {
            "number_street": "6657 West Rose Garden Lane",
            "city": "Glendale",
            "state": "AZ",
            "postalCode": "85308",
            "coordinates": {
                "lat": 33.676018,
                "lng": -112.201658
            }
        },
        {
            "number_street": "519 West 75th Avenue",
            "address2": "#APT 000003",
            "city": "Anchorage",
            "state": "AK",
            "postalCode": "99518",
            "coordinates": {
                "lat": 61.15288690000001,
                "lng": -149.889133
            }
        },
        {
            "number_street": "31353 Santa Elena Way",
            "city": "Union City",
            "state": "CA",
            "postalCode": "94587",
            "coordinates": {
                "lat": 37.593981,
                "lng": -122.059762
            }
        },
        {
            "number_street": "8398 West Denton Lane",
            "city": "Glendale",
            "state": "AZ",
            "postalCode": "85305",
            "coordinates": {
                "lat": 33.515353,
                "lng": -112.240812
            }
        },
        {
            "number_street": "700 Winston Place",
            "city": "Anchorage",
            "state": "AK",
            "postalCode": "99504",
            "coordinates": {
                "lat": 61.215882,
                "lng": -149.737337
            }
        },
        {
            "number_street": "232 Maine Avenue",
            "city": "Panama City",
            "state": "FL",
            "postalCode": "32401",
            "coordinates": {
                "lat": 30.1527033,
                "lng": -85.63207129999999
            }
        },
        {
            "number_street": "1 Kempf Drive",
            "city": "Easton",
            "state": "MA",
            "postalCode": "02375",
            "coordinates": {
                "lat": 42.0505989,
                "lng": -71.08029379999999
            }
        },
        {
            "number_street": "5811 Crossings Boulevard",
            "city": "Nashville",
            "state": "TN",
            "postalCode": "37013",
            "coordinates": {
                "lat": 36.0370847,
                "lng": -86.6413728
            }
        },
        {
            "number_street": "5108 Franklin Street",
            "city": "Savannah",
            "state": "GA",
            "postalCode": "31405",
            "coordinates": {
                "lat": 32.034987,
                "lng": -81.121928
            }
        },
        {
            "number_street": "913 Fallview Trail",
            "city": "Nashville",
            "state": "TN",
            "postalCode": "37211",
            "coordinates": {
                "lat": 36.02419100000001,
                "lng": -86.718305
            }
        },
        {
            "number_street": "130 Old Route 103",
            "city": "Chester",
            "state": "VT",
            "postalCode": "05143",
            "coordinates": {
                "lat": 43.224335,
                "lng": -72.54227399999999
            }
        },
        {
            "number_street": "10826 Pointe Royal Drive",
            "city": "Bakersfield",
            "state": "CA",
            "postalCode": "93311",
            "coordinates": {
                "lat": 35.2930007,
                "lng": -119.1225908
            }
        },
        {
            "number_street": "74 Ranch Drive",
            "city": "Montgomery",
            "state": "AL",
            "postalCode": "36109",
            "coordinates": {
                "lat": 32.383322,
                "lng": -86.235124
            }
        },
        {
            "number_street": "6601 West Ocotillo Road",
            "city": "Glendale",
            "state": "AZ",
            "postalCode": "85301",
            "coordinates": {
                "lat": 33.53433,
                "lng": -112.2011246
            }
        },
        {
            "number_street": "19416 Barclay Road",
            "city": "Castro Valley",
            "state": "CA",
            "postalCode": "94546",
            "coordinates": {
                "lat": 37.70382,
                "lng": -122.091054
            }
        },
        {
            "number_street": "1347 Blackwalnut Court",
            "city": "Annapolis",
            "state": "MD",
            "postalCode": "21403",
            "coordinates": {
                "lat": 38.936881,
                "lng": -76.475823
            }
        },
        {
            "number_street": "1770 Colony Way",
            "city": "Fayetteville",
            "state": "AR",
            "postalCode": "72704",
            "coordinates": {
                "lat": 36.0867,
                "lng": -94.229754
            }
        },
        {
            "number_street": "165 Saint John Street",
            "city": "Manchester",
            "state": "CT",
            "postalCode": "06040",
            "coordinates": {
                "lat": 41.7762171,
                "lng": -72.5410548
            }
        },
        {
            "number_street": "2409 Research Boulevard",
            "city": "Fort Collins",
            "state": "CO",
            "postalCode": "80526",
            "coordinates": {
                "lat": 40.554586,
                "lng": -105.087852
            }
        },
        {
            "number_street": "1903 Bashford Manor Lane",
            "city": "Louisville",
            "state": "KY",
            "postalCode": "40218",
            "coordinates": {
                "lat": 38.1977059,
                "lng": -85.675288
            }
        },
        {
            "number_street": "8315 Surf Drive",
            "city": "Panama City Beach",
            "state": "FL",
            "postalCode": "32408",
            "coordinates": {
                "lat": 30.163458,
                "lng": -85.785449
            }
        },
        {
            "number_street": "3301 Old Muldoon Road",
            "city": "Anchorage",
            "state": "AK",
            "postalCode": "99504",
            "coordinates": {
                "lat": 61.1908348,
                "lng": -149.7340096
            }
        },
        {
            "number_street": "8800 Cordell Circle",
            "address2": "#APT 000003",
            "city": "Anchorage",
            "state": "AK",
            "postalCode": "99502",
            "coordinates": {
                "lat": 61.1409305,
                "lng": -149.9437822
            }
        },
        {
            "number_street": "117 East Cook Avenue",
            "city": "Anchorage",
            "state": "AK",
            "postalCode": "99501",
            "coordinates": {
                "lat": 61.230336,
                "lng": -149.883795
            }
        },
        {
            "number_street": "6231 North 67th Avenue",
            "address2": "#241",
            "city": "Glendale",
            "state": "AZ",
            "postalCode": "85301",
            "coordinates": {
                "lat": 33.5279666,
                "lng": -112.2022551
            }
        },
        {
            "number_street": "8505 Waters Avenue",
            "address2": "#66",
            "city": "Savannah",
            "state": "GA",
            "postalCode": "31406",
            "coordinates": {
                "lat": 31.9901877,
                "lng": -81.1070672
            }
        },
        {
            "number_street": "7 Underwood Place Northwest",
            "city": "Washington",
            "state": "DC",
            "postalCode": "20012",
            "coordinates": {
                "lat": 38.969351,
                "lng": -77.009722
            }
        },
        {
            "number_street": "21950 Arnold Center Road",
            "city": "Carson",
            "state": "CA",
            "postalCode": "90810",
            "coordinates": {
                "lat": 33.8272706,
                "lng": -118.2302826
            }
        },
        {
            "number_street": "1427 South Carolina Avenue Southeast",
            "city": "Washington",
            "state": "DC",
            "postalCode": "20003",
            "coordinates": {
                "lat": 38.886615,
                "lng": -76.9845349
            }
        },
        {
            "number_street": "1420 Turtleback Trail",
            "city": "Panama City",
            "state": "FL",
            "postalCode": "32413",
            "coordinates": {
                "lat": 30.281084,
                "lng": -85.9677169
            }
        }
    ]
}